id,date,title,excerpt,content_preview,category,cat_id,image,slug
1194,2016-03-16,"Understanding Urology: Your Health, Our Priority",,"Urology is a vital medical specialty that focuses on the health of the urinary tract and male reproductive system. At Cambodia Urology Center , we are dedicated to providing expert care for conditions such as kidney stones, urinary tract infections, prostate health, and male infertility. Our goal is",Blog,1,wp-content/uploads/2025/03/Alliance-Urology_Common-Urology-Procedures.jpeg,understanding-urology-your-health-our-priority
1197,2016-03-16,Common Urological Problems & Their Treatments,,Urology deals with a wide range of conditions affecting the urinary tract and male reproductive system. Early detection and treatment can prevent complications and improve quality of life. Here are some common urological issues and how they are treated: 1. Urinary Tract Infections (UTIs) 💡 Symptoms:,Blog,1,wp-content/uploads/2025/03/26696.jpg,common-urological-problems-their-treatments
1201,2016-03-16,How Stress Affects Your Urinary System,,"Stress is a common part of life, but did you know it can also affect your urinary health? Prolonged stress can lead to urinary issues , disrupting your daily routine and overall well-being. 1. Increased Urinary Frequency 💡 Why? Stress triggers the release of cortisol and adrenaline, which can overst",Blog,1,wp-content/uploads/2025/03/2149152535.jpg,how-stress-affects-your-urinary-system
1365,2016-04-06,"Early Participation at AURC, Singapore",,Engaged with peers on evolving practices in urological care.,Blog,1,wp-content/uploads/2025/04/difference-between-uro-oncologist-and-urologist.jpg,early-participation-at-aurc-singapore
1369,2017-04-06,"Spoke at AURC, Hong Kong 2017",,Presentation focused on “How to Prevent Stone Recurrence.”,Blog,1,wp-content/uploads/2025/04/difference-between-uro-oncologist-and-urologist.jpg,spoke-at-aurc-hong-kong-2017
1371,2018-02-06,Attended USANZ Conference in Melbourne February,,Joined global experts to discuss innovations in urology and patient care.,Blog,1,wp-content/uploads/2025/04/uro-ja23-trainees_3.jpg,attended-usanz-conference-in-melbourne-february
1374,2018-04-06,"Presented at AURC in Kyoto, Japan April",,Delivered a presentation on “The Role of Retroperitoneal Lymph Node Dissection for Renal Carcinoma.”,Blog,1,wp-content/uploads/2025/04/1000x667xKinkakuji-Temple-22-The-Golden-Pavilion22-in-Kyoto-Japan.jpg.pagespeed.ic_.vlskNTnyNh.webp,presented-at-aurc-in-kyoto-japan-april
1377,2019-11-06,Speaker at the Philippine Urological Association Annual Conference,,"November 2019, Shared insights on surgical approaches at the annual meeting in Manila.",Blog,1,wp-content/uploads/2025/04/Depositphotos_33741117_ds-scaled-1920x1275-1.jpg,speaker-at-the-philippine-urological-association-annual-conference-november-2019
1381,2022-10-06,Water Vapor Therapy (Rezum) Training in Bangkok,,"October 2022, Dr. Reaksmey trained at Ramathibodi Hospital in the latest minimally invasive therapy for BPH (Benign Prostatic Hyperplasia).",Blog,1,wp-content/uploads/2025/04/main_building_ramathibod_hospital_bangkok.webp,water-vapor-therapy-rezum-training-in-bangkok
1383,2024-01-06,Training in Uro-Oncology at Singapore General Hospital,,"January 2024, Completed a preceptorship focused on cutting-edge uro-oncology techniques and cancer treatment protocols.",Blog,1,wp-content/uploads/2025/04/Singapore_web-post.jpg,training-in-uro-oncology-at-singapore-general-hospital
1386,2024-07-06,Dr. Reaksmey Attended EMS+ Master Class in Endourology,,"July 2024, Participated in advanced training on Mini PCNL, RIRS, URS, and more at Salayang Hospital, Kuala Lumpur, Malaysia.",Blog,1,wp-content/uploads/2025/04/e4ae9c3f-selayang-hospital-fb-pic-260524.webp,dr-reaksmey-attended-ems-master-class-in-endourology
1620,2025-07-07,Transurethral Resection of the Prostate,Transurethral Resection of the Prostate (TURP): A Detailed Overview Transurethral resection of the prostate (TURP) is a well-established surgical procedure performed to alleviate urinary symptoms caus,"Transurethral Resection of the Prostate (TURP): A Detailed Overview Transurethral resection of the prostate (TURP) is a well-established surgical procedure performed to alleviate urinary symptoms caused by an enlarged prostate, a condition known as benign prostatic hyperplasia (BPH). It is considere",Prostate clinic,52,wp-content/uploads/2025/07/premium_photo-1702598632255-837c91506472.jpeg,transurethral-resection-of-the-prostate
1622,2025-07-08,Water Vapor Therapy,"Water Vapor Therapy: A Minimally Invasive Treatment for Enlarged Prostate Water vapor therapy, most commonly known by the brand name Rezūm, is a minimally invasive medical procedure designed to allevi","Water Vapor Therapy: A Minimally Invasive Treatment for Enlarged Prostate Water vapor therapy, most commonly known by the brand name Rezūm, is a minimally invasive medical procedure designed to alleviate the symptoms of benign prostatic hyperplasia (BPH), or an enlarged prostate. This innovative tre",Prostate clinic,52,wp-content/uploads/2025/07/premium_photo-1716679813868-9d7e3b4532d2.jpeg,water-vapor-therapy
1624,2025-07-08,Navigating Treatment for an Enlarged Prostate,"Navigating Treatment for an Enlarged Prostate: A Comprehensive Guide Phnom Penh, Cambodia - For men experiencing the disruptive symptoms of an enlarged prostate, medically known as benign prostatic hy","Navigating Treatment for an Enlarged Prostate: A Comprehensive Guide Phnom Penh, Cambodia - For men experiencing the disruptive symptoms of an enlarged prostate, medically known as benign prostatic hyperplasia (BPH), a wide array of effective medical treatments are available. These options range fro",Prostate clinic,52,wp-content/uploads/2025/07/photo-1716930138567-606d08a4dfd6.jpeg,navigating-treatment-for-an-enlarged-prostate
1626,2025-07-09,Prostate Cancer,"Prostate Cancer: A Comprehensive Overview Prostate cancer is the most common cancer among men, after skin cancer. It begins when cells in the prostate gland, a small walnut-shaped gland in...","Prostate Cancer: A Comprehensive Overview Prostate cancer is the most common cancer among men, after skin cancer. It begins when cells in the prostate gland, a small walnut-shaped gland in men that produces the seminal fluid that nourishes and transports sperm, start to grow out of control. While so",Prostate clinic,52,wp-content/uploads/2025/07/photo-1579684453377-48ec05c6b30a.jpeg,prostate-cancer
1628,2025-07-08,Prostate Cancer Screening,"Prostate Cancer Screening: A Collaborative Decision Between You and Your Doctor The decision to undergo screening for prostate cancer is a personalized one, best made through a shared discussion betwe","Prostate Cancer Screening: A Collaborative Decision Between You and Your Doctor The decision to undergo screening for prostate cancer is a personalized one, best made through a shared discussion between a man and his healthcare provider, typically a primary care physician (PCP). There is no universa",Prostate clinic,52,wp-content/uploads/2025/07/premium_photo-1661634714080-09f864f7b528.jpeg,prostate-cancer-screening
1630,2025-07-09,Open Simple Prostatectomy,Open Simple Prostatectomy: A Detailed Overview An open simple prostatectomy is a surgical procedure to remove the inner portion of the prostate gland. It is primarily performed to alleviate urinary...,"Open Simple Prostatectomy: A Detailed Overview An open simple prostatectomy is a surgical procedure to remove the inner portion of the prostate gland. It is primarily performed to alleviate urinary symptoms caused by severe benign prostatic hyperplasia (BPH), a non-cancerous enlargement of the prost",Prostate clinic,52,wp-content/uploads/2025/07/photo-1727830968495-ea2798aaee35.jpeg,open-simple-prostatectomy
1632,2025-07-08,UroLift,"UroLift: A Minimally Invasive Solution for Enlarged Prostate UroLift is a minimally invasive, FDA-approved procedure designed to treat the symptoms of an enlarged prostate, a common condition in men k","UroLift: A Minimally Invasive Solution for Enlarged Prostate UroLift is a minimally invasive, FDA-approved procedure designed to treat the symptoms of an enlarged prostate, a common condition in men known as benign prostatic hyperplasia (BPH). This innovative approach offers a significant advantage ",Prostate clinic,52,wp-content/uploads/2025/07/photo-1551190822-a9333d879b1f.jpeg,urolift
1634,2025-07-09,Understanding Prostatic Hyperplasia,"Understanding Prostatic Hyperplasia: A Common Condition in Aging Men Hyperplasia of the prostate, more commonly known as Benign Prostatic Hyperplasia (BPH), is a non-cancerous enlargement of the prost","Understanding Prostatic Hyperplasia: A Common Condition in Aging Men Hyperplasia of the prostate, more commonly known as Benign Prostatic Hyperplasia (BPH), is a non-cancerous enlargement of the prostate gland. This condition is a frequent part of aging and affects a significant number of men, parti",Prostate clinic,52,wp-content/uploads/2025/07/photo-1684752397429-4ce4d7856cb8.jpeg,understanding-prostatic-hyperplasia
1636,2025-07-08,Premature ejaculation,"Premature ejaculation (PE) is a common sexual concern affecting a significant number of men at some point in their lives. Characterized by the inability to control or delay ejaculation, it...","Premature ejaculation (PE) is a common sexual concern affecting a significant number of men at some point in their lives. Characterized by the inability to control or delay ejaculation, it can be a source of distress and anxiety for both individuals and their partners. This comprehensive topic, base",Man health clinic,53,wp-content/uploads/2025/07/photo-1596144241742-a54dffcc9b26.jpeg,premature-ejaculation
1638,2025-07-09,Retrograde ejaculation,Understanding Retrograde Ejaculation: A Guide to Common Questions Retrograde ejaculation is a medical condition where semen enters the bladder instead of being ejaculated out of the penis during an or,Understanding Retrograde Ejaculation: A Guide to Common Questions Retrograde ejaculation is a medical condition where semen enters the bladder instead of being ejaculated out of the penis during an orgasm. While it doesn\'t affect a man\'s ability to achieve an erection or experience the sensation o,Man health clinic,53,wp-content/uploads/2025/07/premium_photo-1664478187629-ca157d088d48.jpeg,retrograde-ejaculation
1640,2025-07-08,Phimosis,"Phimosis: Understanding the Condition of a Tight Foreskin Phimosis is a condition in which the foreskin of the penis is too tight to be pulled back, or retracted, over the...","Phimosis: Understanding the Condition of a Tight Foreskin Phimosis is a condition in which the foreskin of the penis is too tight to be pulled back, or retracted, over the glans (the head of the penis). This is a common and normal condition in infants and young boys, known as physiological phimosis.",Man health clinic,53,wp-content/uploads/2025/07/premium_photo-1723651220491-4336ff60f6ca.jpeg,phimosis
1642,2025-07-07,Urethritis,"Urethritis: An In-Depth Look at Causes, Symptoms, and Treatment Urethritis is the inflammation of the urethra, the tube that carries urine from the bladder out of the body. This condition...","Urethritis: An In-Depth Look at Causes, Symptoms, and Treatment Urethritis is the inflammation of the urethra, the tube that carries urine from the bladder out of the body. This condition can affect individuals of any gender and is often, though not always, caused by a sexually transmitted infection",Genito-urinary tract infection,55,wp-content/uploads/2025/07/photo-1715526411331-4947f75eb25f.jpeg,urethritis
1643,2025-07-08,ED,"Navigating Erectile Dysfunction: Answering Your Common Questions Erectile dysfunction (ED), the inability to achieve or maintain an erection firm enough for sexual intercourse, is a common health conc","Navigating Erectile Dysfunction: Answering Your Common Questions Erectile dysfunction (ED), the inability to achieve or maintain an erection firm enough for sexual intercourse, is a common health concern affecting millions of men worldwide. While often a sensitive topic, understanding the underlying",Man health clinic,53,wp-content/uploads/2025/07/photo-1715531785993-d7f79ad39f15.jpeg,ed
1645,2025-07-07,Priapism,"Priapism: A Comprehensive Overview of Causes, Treatments, and Emergency Care Answering the most pressing questions about this uncommon and often misunderstood medical condition. Priapism, a persistent","Priapism: A Comprehensive Overview of Causes, Treatments, and Emergency Care Answering the most pressing questions about this uncommon and often misunderstood medical condition. Priapism, a persistent and often painful erection lasting for more than four hours without sexual stimulation, is a medica",Man health clinic,53,wp-content/uploads/2025/07/premium_photo-1718605230245-2c40e9640599.jpeg,priapism
1647,2025-07-09,What is Stapler Circumcision,"Stapler Circumcision: A Modern Approach to a Traditional Procedure Stapler circumcision is a surgical technique for removing the foreskin from the penis using a specialized, single-use medical device.","Stapler Circumcision: A Modern Approach to a Traditional Procedure Stapler circumcision is a surgical technique for removing the foreskin from the penis using a specialized, single-use medical device. This method has gained popularity as a quicker and often less painful alternative to conventional c",Man health clinic,53,wp-content/uploads/2025/07/premium_photo-1674179075487-164cbc76b8cd.jpeg,what-is-stapler-circumcision
1649,2025-07-07,Peyronie,"Peyronie\'s Disease: Unraveling the Common Questions Peyronie\'s disease, a condition characterized by the formation of fibrous scar tissue, or plaque, within the penis, can lead to a range of concern","Peyronie\'s Disease: Unraveling the Common Questions Peyronie\'s disease, a condition characterized by the formation of fibrous scar tissue, or plaque, within the penis, can lead to a range of concerns and questions for those affected. This topic guide, based on common inquiries, aims to provide a c",Man health clinic,53,wp-content/uploads/2025/07/photo-1667133295310-e06a1e1fd6ce.jpeg,
1651,2025-07-07,Human Papillomavirus Infection,"Human Papillomavirus (HPV) is a very common group of viruses. Over 200 types of HPV exist, and many are sexually transmitted. Most people who are sexually active will contract HPV...","Human Papillomavirus (HPV) is a very common group of viruses. Over 200 types of HPV exist, and many are sexually transmitted. Most people who are sexually active will contract HPV at some point in their lives, often without ever knowing it. Here\'s a breakdown of key information about HPV: What is H",Man health clinic,53,wp-content/uploads/2025/07/premium_photo-1669922720166-1151a4a76463.jpeg,human-papillomavirus-infection
1653,2025-07-08,What is Circumcision ?,"Circumcision: A Comprehensive Overview Circumcision is the surgical removal of the foreskin, the sleeve of skin that covers the head (glans) of the penis. This procedure has been practiced for...","Circumcision: A Comprehensive Overview Circumcision is the surgical removal of the foreskin, the sleeve of skin that covers the head (glans) of the penis. This procedure has been practiced for thousands of years and is performed for a variety of reasons, including religious, cultural, medical, and p",Man health clinic,53,wp-content/uploads/2025/07/photo-1634147240688-604d56605734.jpeg,what-is-circumcision
1655,2025-07-08,What are the risk factor for Kidney Stones,"Kidney Stones: A Deeper Look into Their Formation Kidney stones are hard, pebble-like pieces of material that form in one or both kidneys when high levels of certain minerals in...","Kidney Stones: A Deeper Look into Their Formation Kidney stones are hard, pebble-like pieces of material that form in one or both kidneys when high levels of certain minerals in urine are not sufficiently diluted. These stones can vary in size from a grain of sand to a golf ball and can cause signif",Stone clinic,54,wp-content/uploads/2025/07/photo-1715529134972-221f23a6c701.jpeg,what-are-the-risk-factor-for-kidney-stones
1657,2025-07-09,PCNL and mini-PCNL,"Navigating Kidney Stone Treatment: A Look at PCNL and Mini-PCNL For individuals battling large or complex kidney stones, two minimally invasive surgical options stand out: Percutaneous Nephrolithotomy","Navigating Kidney Stone Treatment: A Look at PCNL and Mini-PCNL For individuals battling large or complex kidney stones, two minimally invasive surgical options stand out: Percutaneous Nephrolithotomy (PCNL) and its downsized counterpart, mini-PCNL. Both procedures involve accessing the kidney throu",Stone clinic,54,wp-content/uploads/2025/07/photo-1605673807604-8c9066948c8b.jpeg,pcnl-and-mini-pcnl
1659,2025-07-07,Ureterolithotripsy with Laser and JJ Stent,Ureterolithotripsy with Laser and JJ Stent: A Comprehensive Overview Ureterolithotripsy with laser and the placement of a JJ stent is a common and minimally invasive surgical procedure used to treat..,"Ureterolithotripsy with Laser and JJ Stent: A Comprehensive Overview Ureterolithotripsy with laser and the placement of a JJ stent is a common and minimally invasive surgical procedure used to treat kidney stones that are lodged in the ureter, the tube that carries urine from the kidneys to the blad",Stone clinic,54,wp-content/uploads/2025/07/premium_photo-1661337053557-8f4a01f44e8b.jpeg,ureterolithotripsy-with-laser-and-jj-stent
1661,2025-07-08,How to prevent kidney stone?,"Halting Kidney Stones: A Proactive Guide to Prevention Kidney stones, crystalline deposits that form in the kidneys, can cause excruciating pain and lead to further health complications. While some in","Halting Kidney Stones: A Proactive Guide to Prevention Kidney stones, crystalline deposits that form in the kidneys, can cause excruciating pain and lead to further health complications. While some individuals are more genetically predisposed to their formation, a combination of proactive lifestyle ",Stone clinic,54,wp-content/uploads/2025/07/photo-1715527498501-4eb81f7ce451.jpeg,how-to-prevent-kidney-stone
1663,2025-07-07,Medical treatment for Kidney Stone,"Navigating Kidney Stone Treatment: From Home Care to Advanced Procedures Kidney stones, solid mineral and salt deposits that form in the kidneys, can cause significant pain and discomfort.Treatment fo","Navigating Kidney Stone Treatment: From Home Care to Advanced Procedures Kidney stones, solid mineral and salt deposits that form in the kidneys, can cause significant pain and discomfort.Treatment for these common urinary tract disorders varies widely depending on the stone\'s size, type, and locat",Stone clinic,54,wp-content/uploads/2025/07/photo-1715527498501-4eb81f7ce451-1.jpeg,medical-treatment-for-kidney-stone
1665,2025-07-08,Not All Kidney Stones Require Treatment,"Not All Kidney Stones Require Treatment, Many Pass on Their Own A significant number of kidney stones, particularly those that are small and do not cause symptoms, may not require...","Not All Kidney Stones Require Treatment, Many Pass on Their Own A significant number of kidney stones, particularly those that are small and do not cause symptoms, may not require medical or surgical intervention and can often pass through the urinary system with conservative management. The necessi",Stone clinic,54,wp-content/uploads/2025/07/photo-1650897492414-8661563845a7.jpeg,not-all-kidney-stones-require-treatment
1667,2025-07-07,Kidney Stones,"Kidney Stones: A Comprehensive Overview Kidney stones, also known as renal calculi, are hard deposits of minerals and salts that form inside the kidneys. These stones can vary in size...","Kidney Stones: A Comprehensive Overview Kidney stones, also known as renal calculi, are hard deposits of minerals and salts that form inside the kidneys. These stones can vary in size from as small as a grain of sand to as large as a golf ball. While some stones may pass out of the body unnoticed, l",Stone clinic,54,wp-content/uploads/2025/07/premium_photo-1702598804759-8fb687f774fb.jpeg,kidney-stones
1669,2025-07-08,Extracorporeal Shock Wave Lithotripsy,"Extracorporeal Shock Wave Lithotripsy (ESWL): A Non-Invasive Solution for Kidney Stones Extracorporeal Shock Wave Lithotripsy, commonly known as ESWL, is a non-invasive medical procedure used to treat","Extracorporeal Shock Wave Lithotripsy (ESWL): A Non-Invasive Solution for Kidney Stones Extracorporeal Shock Wave Lithotripsy, commonly known as ESWL, is a non-invasive medical procedure used to treat kidney stones and, in some cases, stones in other organs like the gallbladder and pancreas. The tec",Stone clinic,54,wp-content/uploads/2025/07/photo-1511966015638-faae3c543b3a.jpeg,extracorporeal-shock-wave-lithotripsy
1671,2025-07-09,A Minimally Invasive Approach to Kidney Stones,"A Minimally Invasive Approach to Kidney Stones: Understanding Retrograde Intrarenal Surgery (RIRS) with Laser and JJ Stent Retrograde Intrarenal Surgery, commonly known as RIRS, is a minimally invasiv","A Minimally Invasive Approach to Kidney Stones: Understanding Retrograde Intrarenal Surgery (RIRS) with Laser and JJ Stent Retrograde Intrarenal Surgery, commonly known as RIRS, is a minimally invasive procedure designed to remove kidney stones by accessing the kidney through the natural urinary pas",Stone clinic,54,wp-content/uploads/2025/07/photo-1649073586152-fe7f4accce68.jpeg,a-minimally-invasive-approach-to-kidney-stones
1673,2025-07-08,Ureteric Stones,"Ureteric Stones: A Comprehensive Overview A ureteric stone is a kidney stone that has traveled from the kidney and become lodged in one of the ureters, the narrow tubes that...","Ureteric Stones: A Comprehensive Overview A ureteric stone is a kidney stone that has traveled from the kidney and become lodged in one of the ureters, the narrow tubes that carry urine from the kidneys to the bladder. This condition, also known as ureterolithiasis, can cause intense pain and requir",Stone clinic,54,wp-content/uploads/2025/07/photo-1715529282169-fb7b1dd274a2.jpeg,ureteric-stones
1675,2025-07-09,Chronic Pelvic Pain Syndrome,Chronic Pelvic Pain Syndrome: A Persistent and Complex Condition Chronic Pelvic Pain Syndrome (CPPS) is a persistent and often debilitating condition characterized by pain in the pelvic region lasting,"Chronic Pelvic Pain Syndrome: A Persistent and Complex Condition Chronic Pelvic Pain Syndrome (CPPS) is a persistent and often debilitating condition characterized by pain in the pelvic region lasting for six months or more. It can affect both men and women, presenting a significant diagnostic and t",Genito-urinary tract infection,55,wp-content/uploads/2025/07/premium_photo-1702598717655-b5fa463492a4.jpeg,chronic-pelvic-pain-syndrome
1677,2025-07-07,Ureteritis,"Ureteritis: An In-Depth Look at Inflammation of the Ureters Ureteritis is the inflammation of the ureters, the muscular tubes that transport urine from the kidneys to the bladder. This condition...","Ureteritis: An In-Depth Look at Inflammation of the Ureters Ureteritis is the inflammation of the ureters, the muscular tubes that transport urine from the kidneys to the bladder. This condition is most commonly a component of a urinary tract infection (UTI) and is often seen in conjunction with inf",Genito-urinary tract infection,55,wp-content/uploads/2025/07/premium_photo-1722658473477-0c8ab1b79acf.jpeg,ureteritis
1679,2025-07-09,Low back pain,"Understanding and Managing Low Back Pain Low back pain is a widespread health issue affecting millions of people globally. It can range from a dull, persistent ache to a sudden,...","Understanding and Managing Low Back Pain Low back pain is a widespread health issue affecting millions of people globally. It can range from a dull, persistent ache to a sudden, sharp pain that makes movement difficult. Understanding the causes, knowing how to find relief at home, recognizing when t",Genito-urinary tract infection,55,wp-content/uploads/2025/07/photo-1618914241652-ff0a094b5a86.jpeg,low-back-pain
1683,2025-07-07,Orchitis,"Orchitis: An Overview of Testicular Inflammation Orchitis is an inflammatory condition affecting one or both testicles, often causing pain and swelling. It can result from either a bacterial or viral.","Orchitis: An Overview of Testicular Inflammation Orchitis is an inflammatory condition affecting one or both testicles, often causing pain and swelling. It can result from either a bacterial or viral infection, with the mumps virus being a historically significant cause. Prompt medical evaluation is",Genito-urinary tract infection,55,wp-content/uploads/2025/07/photo-1715111183886-5048b76cc917.jpeg,orchitis
1685,2025-07-07,Acute Pyelonephritis,"Acute Pyelonephritis: A Serious Kidney Infection Acute pyelonephritis is a sudden and severe infection of one or both kidneys. This condition, which can cause significant discomfort and potentially le","Acute Pyelonephritis: A Serious Kidney Infection Acute pyelonephritis is a sudden and severe infection of one or both kidneys. This condition, which can cause significant discomfort and potentially lead to serious complications, arises when bacteria travel from the lower urinary tract to the kidneys",Genito-urinary tract infection,55,wp-content/uploads/2025/07/photo-1715529282062-773305ae0178.jpeg,acute-pyelonephritis
1687,2025-07-08,Prostatitis,"Prostatitis: An In-depth Look at Inflammation of the Prostate Prostatitis is a common and often painful condition characterized by inflammation of the prostate gland, a small, walnut-sized gland locat","Prostatitis: An In-depth Look at Inflammation of the Prostate Prostatitis is a common and often painful condition characterized by inflammation of the prostate gland, a small, walnut-sized gland located just below the bladder in men. This condition can affect men of all ages, though it is more preva",Genito-urinary tract infection,55,wp-content/uploads/2025/07/photo-1666425383917-474bf1c79f2e.jpeg,prostatitis
1689,2025-07-09,Epididymitis,"Epididymitis: An Overview of a Common Scrotal Condition Epididymitis is a medical condition characterized by the inflammation of the epididymis, a coiled tube located at the back of the testicle...","Epididymitis: An Overview of a Common Scrotal Condition Epididymitis is a medical condition characterized by the inflammation of the epididymis, a coiled tube located at the back of the testicle that stores and carries sperm. This condition can cause significant pain and swelling in the scrotum and ",Genito-urinary tract infection,55,wp-content/uploads/2025/07/premium_photo-1723741258004-80bb29874762.jpeg,epididymitis
1691,2025-07-09,Cystitis,Cystitis: An In-Depth Look at Bladder Inflammation Cystitis is the medical term for inflammation of the bladder. This common condition can cause a range of uncomfortable and painful symptoms and...,"Cystitis: An In-Depth Look at Bladder Inflammation Cystitis is the medical term for inflammation of the bladder. This common condition can cause a range of uncomfortable and painful symptoms and is most often caused by a bacterial infection, in which case it is also known as a urinary tract infectio",Genito-urinary tract infection,55,wp-content/uploads/2025/07/premium_photo-1702599107169-5cec1f64741b.jpeg,cystitis
1693,2025-07-09,Posthitis,"Posthitis: An Inflammation of the Foreskin Posthitis is the medical term for the inflammation of the prepuce, more commonly known as the foreskin of the penis.This condition exclusively affects uncirc","Posthitis: An Inflammation of the Foreskin Posthitis is the medical term for the inflammation of the prepuce, more commonly known as the foreskin of the penis.This condition exclusively affects uncircumcised males and can range from a mild irritation to a more severe infection. Key distinctions: It\",Sexually transmitted infection,56,wp-content/uploads/2025/07/photo-1707079346002-896d00f2afa3.jpeg,posthitis
1695,2025-07-09,Genital Herpes,Genital Herpes: A Comprehensive Overview Genital herpes is a common sexually transmitted infection (STI) caused by the herpes simplex virus (HSV). The infection is characterized by periods of dormancy,Genital Herpes: A Comprehensive Overview Genital herpes is a common sexually transmitted infection (STI) caused by the herpes simplex virus (HSV). The infection is characterized by periods of dormancy and recurrent outbreaks of sores or blisters in the genital or rectal area. While there is no cure ,Sexually transmitted infection,56,wp-content/uploads/2025/07/premium_photo-1711611162467-825a62dc3441.jpeg,genital-herpes
1697,2025-07-07,Gonorrhea,Gonorrhea: A Comprehensive Overview of the Sexually Transmitted Infection Gonorrhea is a common sexually transmitted infection (STI) caused by the bacterium Neisseria gonorrhoeae. It can infect both m,"Gonorrhea: A Comprehensive Overview of the Sexually Transmitted Infection Gonorrhea is a common sexually transmitted infection (STI) caused by the bacterium Neisseria gonorrhoeae. It can infect both men and women, and if left untreated, can lead to serious and permanent health problems. The infectio",Sexually transmitted infection,56,wp-content/uploads/2025/07/photo-1706204787068-82cf617dc5c8.jpeg,gonorrhea
1699,2025-07-09,Chlamydia,"Chlamydia: A Silent Threat to Reproductive Health Chlamydia is one of the most common sexually transmitted infections (STIs) worldwide, caused by the bacterium Chlamydia trachomatis. It poses a signif","Chlamydia: A Silent Threat to Reproductive Health Chlamydia is one of the most common sexually transmitted infections (STIs) worldwide, caused by the bacterium Chlamydia trachomatis. It poses a significant public health concern due to its often asymptomatic nature, leading to delayed diagnosis and p",Sexually transmitted infection,56,wp-content/uploads/2025/07/photo-1631824679783-15d4561cad57.jpeg,chlamydia
1701,2025-07-07,Understanding Genital Skin Infections,"Understanding Genital Skin Infections: Causes, Symptoms, and Treatment Genital skin infections are a common and often uncomfortable issue affecting individuals of all ages and genders. These infection","Understanding Genital Skin Infections: Causes, Symptoms, and Treatment Genital skin infections are a common and often uncomfortable issue affecting individuals of all ages and genders. These infections can arise from a variety of sources, including fungi, bacteria, viruses, and parasites, as well as",Sexually transmitted infection,56,wp-content/uploads/2025/07/photo-1747398690597-0fd45ac69003.jpeg,understanding-genital-skin-infections
1703,2025-07-07,Pus Per Urethra,"Pus Per Urethra: A Sign That Warrants Medical Attention The presence of pus, a thick, often yellowish or greenish fluid, discharged from the urethra—the tube that carries urine from the...","Pus Per Urethra: A Sign That Warrants Medical Attention The presence of pus, a thick, often yellowish or greenish fluid, discharged from the urethra—the tube that carries urine from the bladder out of the body—is a medical condition known as purulent urethral discharge. This is a clear indication of",Sexually transmitted infection,56,wp-content/uploads/2025/07/photo-1715111965620-c2b39250880f.jpeg,pus-per-urethra
1705,2025-07-08,Balanitis,"Balanitis: An In-depth Look at a Common Inflammatory Condition Balanitis is the medical term for inflammation of the glans, which is the head of the penis. This common condition can...","Balanitis: An In-depth Look at a Common Inflammatory Condition Balanitis is the medical term for inflammation of the glans, which is the head of the penis. This common condition can affect males at any age, though it is more frequently observed in those who are uncircumcised. While often not a serio",Sexually transmitted infection,56,wp-content/uploads/2025/07/photo-1715111183886-5048b76cc917-1.jpeg,balanitis
1707,2025-07-09,What is STI PCR,STI PCR: A Powerful Tool for Detecting Sexually Transmitted Infections An STI PCR test is a highly accurate and sensitive diagnostic method used to identify sexually transmitted infections (STIs) by..,"STI PCR: A Powerful Tool for Detecting Sexually Transmitted Infections An STI PCR test is a highly accurate and sensitive diagnostic method used to identify sexually transmitted infections (STIs) by detecting the genetic material (DNA or RNA) of the causative pathogens. PCR, which stands for Polymer",Sexually transmitted infection,56,wp-content/uploads/2025/07/premium_photo-1700844300868-3be26442eac4.jpeg,what-is-sti-pcr
1709,2025-07-08,Syphilis,"Syphilis: A Comprehensive Overview Syphilis is a sexually transmitted infection (STI) caused by the bacterium Treponema pallidum. If left untreated, it can lead to serious and long-term health complic","Syphilis: A Comprehensive Overview Syphilis is a sexually transmitted infection (STI) caused by the bacterium Treponema pallidum. If left untreated, it can lead to serious and long-term health complications. The infection progresses through distinct stages, each with its own set of signs and symptom",Sexually transmitted infection,56,wp-content/uploads/2025/07/photo-1706643568638-1dd5b5899719.jpeg,syphilis
